product_id,product_name,category_id,unit_price
P00069042,Refrigerator 19,3,8009
P00248942,Pencil Sharpener 69,14,11429
P00087842,Bed 20,4,1422
P00085442,Cufflinks 26,12,1057
P00285442,Food Processor 84,3,5855
P00193542,Air Conditioner 42,3,7897
P00184942,USB Flash Drive 107,1,11643
P00346142,Scarf 88,2,12110
P0097242,Yoga Mat 93,8,7668
P00274942,Aquarium Filter 84,15,4102
P00251242,Yo-Yo 16,6,2029
P00014542,Cello 61,17,3957
P00031342,Flute 22,17,6073
P00145042,Gaming Monitor 8,18,11457
P00231342,Face Wash 9,9,5378
P00190242,Engine Oil 27,11,2079
P0096642,Pendant 24,12,9835
P00058442,Ankle Boots 70,13,3552
P00036842,Water Gun 14,6,4528
P00249542,Eye Drops 81,10,7920
P00220442,Bar Stool 85,4,5359
P00156442,Docking Station 34,18,7968
P00213742,Highlighter 97,14,6151
P00214442,Poetry 102,7,5855
P00303442,Science Fiction 39,7,4161
P00135742,Cheese 46,5,3988
P00039942,Aquarium Filter 48,15,5887
P00161442,Ring 1,12,5224
P00078742,Skateboard 33,8,1718
P00085942,Toy Train 80,6,3580
P00118742,Plush Toy 78,6,7023
P00297942,Ukulele 88,17,5875
P00266842,Keyboard 23,18,8854
P00058342,Joystick 30,18,10946
P00032442,Electric Grill 69,3,5152
P00105942,Trombone 69,17,5474
P00182642,Piano 55,17,10066
P00186942,Side Table 105,4,8770
P00155442,Nightstand 25,4,3839
P00221342,Hamster Wheel 88,15,7907
P00087242,E-Reader 101,1,7947
P00111142,Charm 10,12,8336
P00259342,Shampoo 1,9,5210
P0094542,Air Freshener 60,11,16406
P00148642,Pet Nail Clipper 32,15,12014
P00312142,Bracelet 38,12,10007
P00113242,Self-Help 79,7,11482
P00192642,Sleep Aid 84,10,6171
P00110842,Brooch 5,12,15239
P00189642,Face Mask 101,9,8027
P00304242,Hair Pin 103,12,11535
P00365242,Sandals 74,13,5453
P00129542,VR Headset 79,18,5839
P00140742,Food Processor 48,3,11799
P00182342,Stapler 58,14,11489
P00276642,Cabinet 104,4,2050
P00334242,Pendant 96,12,3829
P00247542,Nightstand 79,4,5957
P00338442,Self-Help 25,7,11415
P00275142,Yoga Mat 21,8,5167
P00333042,Running Shoes 97,8,3594
P00166242,Moccasins 10,13,4209
P00161942,Onions 34,5,5363
P00348242,Pet Shampoo 26,15,7803
P00042142,Body Scrub 104,9,11458
P00244242,Dog Food 36,15,3842
P00217742,Garden Fork 30,16,3631
P00019342,Garden Fork 66,16,11374
P00100642,Tire 21,11,5429
P00073842,Desk Organizer 46,14,7898
P00366542,Oven 4,3,1780
P00190742,Bubble Wand 71,6,5536
P00151842,Dress 3,2,2802
P00112642,Power Supply 17,18,7649
P00118442,Romance 26,7,11784
P00034442,Video Doorbell 30,1,12087
P00222242,Piano 91,17,15182
P00118342,Keyboard 59,18,15985
P00324742,Cough Syrup 97,10,12908
P00190042,Shovel 24,16,10791
P0094142,Sunscreen 102,9,697
P00138542,Clarinet 8,17,5308
P00158542,Textbook 50,7,5192
P00157542,Thermometer 38,10,5882
P00044142,Action Camera 87,1,5912
P00112542,Shorts 41,2,7746
P00339542,Headset 93,18,11493
P00127842,Headset 57,18,11428
P00125942,Garden Kneeler 33,16,11715
P00251342,Pet Bed 38,15,5352
P00249642,Console 72,18,5304
P00124842,Apples 57,5,1582
P00250642,Bananas 22,5,4664
P00058142,Concealer 89,9,8290
P00117442,Marbles 87,6,3663
P00251642,Pet Leash 59,15,4211
P00244842,Paper Clips 5,14,1539
P00220242,Eggs 20,5,3055
P00351142,Hand Cream 13,9,4279
P00213242,Smartphone 36,1,6879
P00195942,Bagpipes 11,17,8039
P00115642,Cat Scratcher 47,15,5854
P0098242,Whiteboard 29,14,3875
P00262242,Non-Fiction 42,7,3930
P00258742,Yogurt 29,5,5289
P00218242,Action Figure 54,6,5384
P00021742,Binder 78,14,5139
P00313042,Clarinet 44,17,5168
P00133742,Bird Cage 94,15,3449
P00077042,Smart TV 40,1,1748
P00280542,Body Scrub 14,9,4470
P00225842,Slippers 79,13,9564
P00278942,Highlighter 7,14,15288
P00004742,E-Reader 65,1,8481
P00198042,Locket 14,12,4681
P00177442,Running Shoes 25,8,15350
P00000642,Skateboard 105,8,11724
P00288942,First Aid Kit 1,10,15371
P00270942,Wedges 63,13,11516
P00345842,Diadem 106,12,9569
P00032042,Ankle Boots 34,13,8298
P00112342,Diadem 16,12,584
P00031842,Fertilizer 19,16,7601
P00346642,Cardigan 103,2,2230
P00205642,Toe Ring 69,12,5284
P00206442,Bluetooth Speaker 46,1,3857
P00046742,Hedge Trimmer 31,16,11446
P00120042,Pet Nail Clipper 50,15,8238
P00043242,TV Stand 82,4,1848
P00057242,Ring 19,12,3624
P00022842,Baseball Glove 8,8,3473
P00252042,Electric Kettle 47,3,5356
P00042242,Non-Fiction 96,7,1870
P00059542,Lawn Mower 93,16,9734
P00021242,Oxfords 62,13,2164
P00023042,Seat Cover 66,11,5195
P00144242,Bookshelf 4,4,5168
P00101342,Air Freshener 96,11,16093
P00289342,TV Stand 46,4,3535
P00281742,Face Wash 63,9,8696
P00266642,Apples 3,5,7730
P00323742,Essay Collection 17,7,9753
P00116342,First Aid Kit 91,10,16500
P00117142,Pruning Shears 76,16,9694
P00084442,Inhaler 68,10,758
P00331542,Oven 76,3,5368
P00178942,Bubble Wand 17,6,5228
P00026042,Romance 44,7,2217
P00233542,Drum Set 38,17,15558
P00127242,Dress 57,2,7963
P00349942,Cabinet 50,4,8145
P00303342,Allergy Medicine 101,10,11859
P00051442,Compost Bin 99,16,7771
P00275642,Dining Table 37,4,4166
P00278642,Dining Table 19,4,5223
P00322042,Kite 101,6,5248
P00216342,Jeans 19,2,8115
P00329342,Fish Tank 21,15,1735
P00332342,Conditioner 98,9,6880
P00111742,Pet Bed 20,15,8750
P00293742,Hat 35,2,6074
P00032842,Bicycle 78,8,4212
P00216142,Desk Lamp 21,14,7893
P00001642,Harmonica 63,17,5903
P00351842,Body Scrub 32,9,5258
P00145442,Hole Punch 13,14,3938
P00344242,Joystick 84,18,3921
P00327242,Bird Cage 22,15,5280
P00241142,Garden Gloves 28,16,7909
P00219242,Sunscreen 84,9,811
P00057342,Blush 16,9,2081
P00165742,Fantasy 23,7,7994
P00154642,Washing Machine 74,3,3897
P00192942,Whiteboard 83,14,3761
P00247042,Foundation 58,9,3503
P00150542,Antacid 82,10,2048
P00347142,Bird Feeder 31,15,5329
P00326742,Whiteboard 101,14,3218
P00330442,Cat Scratcher 101,15,6933
P00327842,Chicken 5,5,5881
P00218342,Violin 75,17,5217
P00259042,Portable Hard Drive 88,1,8757
P00102542,Dog Collar 10,15,5926
P00121142,Cat Litter 91,15,4112
P00228242,Envelope 34,14,3990
P00309542,Pet Nail Clipper 14,15,5319
P00106742,Streaming Device 32,18,10563
P00102642,Body Scrub 68,9,1457
P00127442,Body Lotion 43,9,7914
P00345642,Joystick 102,18,8067
P00357842,Steering Wheel Cover 11,11,6967
P00115342,Envelope 106,14,6877
P00174442,Shampoo 37,9,5434
P00282642,Brooch 41,12,3589
P00037142,Dog Food 72,15,7824
P00192042,Moisturizer 57,9,3753
P00197542,Engine Oil 45,11,7171
P00048742,Diadem 88,12,5449
P00110142,Blender 39,3,16280
P00120842,Accordion 64,17,8023
P00267742,Garlic 35,5,3664
P00086442,Joystick 66,18,5886
P00331842,Desk 5,4,16866
P00288642,Bed 38,4,8526
P00318742,Bird Feeder 13,15,7988
P00028442,Tie Clip 81,12,7762
P00208342,Eye Drops 45,10,15524
P00277442,Lego Set 77,6,8101
P00085242,Bandages 60,10,5932
P00279442,Chair 57,4,12464
P00235242,Orange 85,5,5915
P00251542,Bread 55,5,6025
P00003242,Boxing Gloves 29,8,6027
P00221542,Iron 71,3,5280
P00142142,Cheese 100,5,4530
P00044442,Video Doorbell 48,1,11752
P00147742,Scissors 80,14,11420
P00030942,Digestive Enzyme 49,10,1390
P00288042,Scissors 8,14,4013
P00313142,Action Camera 51,1,5914
P00195442,Pruning Shears 94,16,5292
P00255842,Bracelet 20,12,12105
P00112142,Jumper Cables 86,11,12063
P00120342,Garden Rake 5,16,6893
P00110542,Headset 21,18,7924
P00279942,Charm 28,12,3911
P00303742,Tomatoes 50,5,5885
P00316742,Ankle Boots 88,13,1419
P00115242,Piano 19,17,1728
P00302842,Webcam 82,18,5869
P00066442,Board Game 2,6,3524
P00273442,Bass Guitar 13,17,1381
P00210142,Thriller 99,7,4325
P00212542,Yogurt 101,5,4018
P00321742,Pet Water Fountain 107,15,3432
P00020042,Plant Pot 2,16,3715
P00051942,Running Shoes 7,8,3480
P00303542,Steering Wheel Cover 101,11,1745
P00228142,Thermometer 92,10,7159
P00123142,Garlic 71,5,1762
P00079542,Chicken 23,5,1784
P00103142,Keyboard 5,18,3978
P00305542,Microphone 83,18,7478
P00031042,Notebook 90,14,7813
P00260042,Underwear 33,2,5353
P00055642,Highlighter 79,14,1447
P00312742,Xylophone 71,17,4198
P00010742,Coat 81,2,7988
P00223242,Dumbbells 58,8,5182
P00114942,Video Game 27,6,11840
P00183242,Necklace 36,12,3492
P00030842,Coffee Maker 64,3,7835
P00220142,Self-Help 43,7,11935
P00130442,Harmonica 27,17,5418
P00323042,Sweater 94,2,5327
P00344742,Cufflinks 62,12,1747
P00182442,Recliner 99,4,5252
P00015342,Blouse 43,2,6407
P00103042,Children's Book 51,7,15745
P00187842,Pet Stroller 87,15,11430
P00162442,Bass Guitar 67,17,11404
P00078542,Tennis Racket 37,8,11853
P00324442,Pet Bed 56,15,3101
P00041642,Fertilizer 73,16,3694
P00050542,Garden Fork 12,16,3696
P00006442,Bookshelf 76,4,3580
P00350942,Aquarium Filter 12,15,5515
P00000142,Rice 6,5,5396
P00034042,Dryer 45,3,11463
P00143142,Underwear 69,2,7763
P00317942,Bangle 101,12,2214
P00335542,File Folder 99,14,5845
P00361842,Windshield Wiper 38,11,8985
P00147942,Flip-Flops 41,13,11488
P00028042,Thermometer 2,10,4417
P00117542,Camera 59,1,2314
P00130742,Washing Machine 38,3,7706
P00024142,Car Jack 26,11,9719
P00209742,Espadrilles 49,13,7641
P00160042,Lego Set 59,6,19416
P00042342,Garden Fork 48,16,4136
P00016542,Biography 74,7,11937
P00016742,Windshield Wiper 74,11,3865
P00227642,Face Wash 27,9,3988
P00146142,Orange 13,5,11468
P00070542,Pajamas 101,2,10724
P00129842,Toy Robot 103,6,16306
P00243942,Hamster Wheel 70,15,7751
P00246742,Orange 31,5,1629
P00310142,Hair Straightener 33,9,3523
P00244142,Poetry 66,7,8147
P00190142,Action Camera 15,1,8436
P00109242,Guitar 0,17,12124
P00089342,Recliner 27,4,7924
P00288542,Sandals 92,13,7933
P00212242,Brake Pads 79,11,7810
P00319342,Tablet 38,1,3442
P00302942,Bird Feeder 67,15,7796
P00145942,Notebook 36,14,12461
P00026342,Juice 99,5,7820
P00148842,Oxfords 80,13,12656
P00299842,Swimwear 14,2,6198
P00313342,Shoe Rack 34,4,3549
P00102442,Frisbee 66,6,5980
P00237542,Car Jack 98,11,11370
P0099342,Ukulele 52,17,2012
P00171542,Desk Organizer 64,14,3581
P00350342,Eye Cream 46,9,4290
P00110742,Blood Pressure Monitor 59,10,11754
P00117642,Lego Set 5,6,23159
P00114142,Garden Rake 41,16,5931
P00119142,Banjo 30,17,5423
P00280742,Golf Clubs 45,8,16218
P00271142,Toy Train 26,6,3444
P00003942,VR Headset 32,1,3522
P00151742,Tennis Racket 55,8,4030
P00050642,Boots 91,13,12850
P00114742,Surfboard 70,8,5899
P00113942,Cabinet 32,4,3993
P00120942,Dresser 11,4,7760
P00083842,Cricket Bat 103,8,6943
P00317842,Body Lotion 7,9,5935
P00030642,Rice Cooker 14,3,6141
P00273642,Essay Collection 107,7,9695
P00002542,Children's Book 87,7,4072
P00331642,Pasta 8,5,396
P00331242,Cricket Bat 85,8,1432
P0096442,Vacuum Cleaner 7,3,2066
P00050242,Hat 107,2,7864
P00131942,Bed 56,4,8784
P00132042,Garden Kneeler 87,16,742
P00013742,Binder 6,14,5234
P00119342,Paper Shredder 32,14,19149
P00182142,Paper Shredder 68,14,12116
P00188942,Oil Filter 19,11,5841
P00203142,Pet Shampoo 62,15,16698
P00320442,Yogurt 11,5,8667
P00121642,Cat Litter 73,15,3638
P00289542,Bird Cage 4,15,8138
P00329742,Hiking Boots 107,13,12422
P00326642,Chair 39,4,7766
P00336142,Graphic Novel 29,7,5284
P00111442,Chicken 59,5,7965
P00234742,Lipstick 18,9,5881
P00090842,Router 63,1,6044
P00214542,Anklet 97,12,2226
P00110942,Mouse 42,18,11472
P00289942,Portable Hard Drive 52,1,8146
P00104842,Weed Killer 80,16,8024
P00113142,Science Fiction 21,7,15628
P00177942,Streaming Device 50,18,3522
P00265242,Coffee Maker 82,3,6944
P00118142,VR Headset 61,18,6134
P00003642,Controller 55,18,4192
P00178342,Cardigan 85,2,5961
P00289742,Inhaler 14,10,9938
P00085042,Dog Food 90,15,5179
P00041542,Tire Pressure Gauge 105,11,7973
P00249142,Espadrilles 67,13,3702
P00284042,Guitar 54,17,2019
P00165442,Ballet Flats 84,13,11846
P00115942,Eye Cream 64,9,2030
P00074442,Plant Marker 35,16,11619
P00047242,Dishwasher 44,3,7802
P00199042,Choker 12,12,15624
P00192542,Tracksuit 48,2,7734
P00350042,Shampoo 73,9,12084
P00248442,Air Conditioner 24,3,10670
P00172842,Oboe 50,17,8184
P00198142,Onions 16,5,12746
P00282142,Hair Dryer 23,9,5349
P00166942,Streaming Device 68,18,16187
P00187742,Gaming Chair 76,18,13110
P00003442,Refrigerator 37,3,773
P00060242,Anthology 70,7,5380
P00137642,RC Car 100,6,5697
P00126142,Cabinet 14,4,5890
P00219842,Marbles 51,6,7122
P00046142,Fertilizer 55,16,15393
P00328142,Loafers 21,13,4253
P00255542,Garlic 107,5,3661
P00250842,Hair Dryer 77,9,6144
P00260142,Diadem 70,12,5146
P0097142,Hockey Stick 12,8,1032
P00209842,Hand Sanitizer 22,10,5147
P00212942,Bird Cage 76,15,5442
P00283942,Garden Hose 72,16,3506
P00303242,Seat Cover 30,11,3490
P00170442,Air Conditioner 6,3,3624
P00045842,Toy Robot 13,6,3605
P00040442,Toaster 41,3,6862
P00195842,Sneakers 72,13,7962
P00293242,USB Flash Drive 89,1,6018
P00064042,Bread 73,5,7952
P00015542,Face Mask 57,10,7809
P00105142,Nasal Spray 69,10,7838
P00183442,Hand Cream 49,9,7996
P00199442,Cat Scratcher 11,15,1881
P00054542,Cabinet 86,4,11730
P00034742,Smartphone 72,1,2025
P00163142,Toe Ring 105,12,12270
P00027142,Headset 3,18,5986
P00053942,Jumper Cables 14,11,7944
P00173342,Cardigan 49,2,4121
P00233342,Milk 18,5,3847
P00010842,Cough Syrup 7,10,6013
P00120242,Plant Marker 89,16,7809
P00223942,Romance 80,7,5173
P00362342,Docking Station 88,18,1747
P00027542,Ballet Flats 30,13,6122
P00234842,Wheelbarrow 47,16,2007
P00029242,Bananas 94,5,6168
P0097842,Sleep Aid 48,10,5321
P00160942,VR Headset 14,1,15433
P00136542,Scarf 34,2,3667
P00127942,Trombone 87,17,4061
P00248542,Blender 75,3,4004
P00145842,Envelope 16,14,1460
P00214342,Streaming Device 86,18,2010
P00161542,File Folder 27,14,6396
P00001942,Cat Scratcher 83,15,7178
P00328042,Onions 70,5,2233
P00370242,Capture Card 69,18,3545
P00340642,Moccasins 46,13,1868
P00358242,Garden Gloves 46,16,2018
P0096542,Sunscreen 12,9,5780
P0096942,Biography 38,7,5755
P00074142,Potatoes 105,5,3126
P00270042,Kayak 53,8,2114
P00223842,Toy Robot 31,6,3460
P00014842,Plant Marker 17,16,7621
P00274342,Ukulele 34,17,6434
P00208742,Oboe 32,17,7668
P00304442,Washing Machine 20,3,11452
P00014042,Non-Fiction 6,7,7836
P00133442,Basketball 56,8,11601
P00159842,Moisturizer 21,9,4251
P00019942,Gamepad 81,18,8289
P00117042,Bookshelf 22,4,8076
P00141942,Smartwatch 96,1,3746
P00117942,Compost Bin 45,16,6880
P00001742,Harmonica 9,17,5857
P00315442,Binder 96,14,11670
P00297642,Flute 76,17,6150
P00088542,Bicycle 96,8,6964
P00089042,Watering Can 43,16,563
P00175742,Coffee Table 26,4,9956
P00035542,Jacket 20,2,8251
P00057942,Controller 19,18,11612
P00059442,Underwear 15,2,12100
P00278042,Biography 2,7,11709
P00154042,Pet Leash 95,15,8155
P00337942,Dehumidifier 88,3,5444
P00229342,Weed Killer 62,16,2028
P00274242,Watering Can 79,16,8310
P00084642,Shorts 77,2,759
P00071242,Bar Stool 49,4,11394
P00050442,Laptop 19,1,15233
P0097342,Allergy Medicine 47,10,7738
P00269542,Paper Clips 59,14,6073
P00045542,RC Car 64,6,6975
P00139742,Side Table 15,4,4039
P00332242,Sprinkler 50,16,11476
P00205442,Smart TV 4,1,5185
P00085542,File Folder 81,14,6919
P00183142,Textbook 32,7,13228
P00298242,VR Headset 43,18,5823
P00300942,Toy Car 58,6,12163
P00013942,Wedges 45,13,2021
P00087042,Wireless Charger 49,1,19131
P00087342,Lego Set 95,6,6863
P00195642,Water Gun 68,6,5201
P00035842,Bubble Wand 53,6,1995
P00147342,Aquarium Filter 66,15,12790
P00176842,Cat Litter 37,15,1371
P00275842,Pet Water Fountain 89,15,3569
P00351342,Shampoo 91,9,4202
P00184142,Pendant 42,12,6180
P00317342,Steering Wheel 49,18,6059
P00217242,Thriller 81,7,7646
P00335442,Steering Wheel Cover 29,11,7880
P0098342,Antacid 46,10,4083
P00079742,Trombone 105,17,3865
P00143642,Children's Book 33,7,7745
P00232342,Pet Stroller 69,15,2966
P00179042,Gaming Monitor 80,18,4543
P00180942,Frisbee 84,6,1474
P00265742,Bagpipes 47,17,5242
P00194542,Science Fiction 3,7,7933
P00127642,Speaker 8,1,15860
P00355142,Brooch 95,12,4065
P00144642,Yo-Yo 70,6,7723
P00201342,Dog Collar 100,15,8012
P00251942,Hand Sanitizer 94,10,11408
P00009342,Dog Collar 28,15,12116
P00191442,Hole Punch 103,14,7619
P00330642,Ottoman 35,4,5169
P00238542,Compost Bin 63,16,3694
P0094942,Toy Robot 85,6,2122
P00068042,Antacid 10,10,5597
P00005042,Yo-Yo 34,6,8657
P00102042,Hat 53,2,3627
P00059742,Dryer 27,3,11823
P00248142,Watch 58,12,3639
P00279342,Microwave 18,3,5314
P00267542,Watering Can 97,16,7648
P00163342,Bananas 4,5,16456
P00116842,Face Wash 81,9,10029
P00348742,Accordion 100,17,16379
P00061142,Smartphone 0,1,6187
P00015942,Milk 36,5,12441
P00346542,Tank Top 28,2,9314
P00188742,Blood Pressure Monitor 95,10,7810
P00346942,Action Camera 69,1,8143
P00007042,Slow Cooker 31,3,11971
P00240242,Ballet Flats 66,13,8130
P00291042,Poetry 48,7,7904
P00244642,Bed 2,4,4497
P00090542,Perfume 2,9,16498
P00274142,Oil Filter 37,11,11899
P00270542,Building Blocks 79,6,11647
P00057442,Speaker 98,1,3547
P00078142,Skirt 78,2,3887
P00245642,Trumpet 95,17,1880
P00037542,File Folder 45,14,15383
P00049842,Rubber Bands 53,14,15641
P00022942,Cookbook 91,7,3444
P00350442,Banjo 12,17,3688
P00119542,Milk 72,5,2209
P00025442,Toy Train 8,6,11916
P00080342,Drum Set 92,17,11986
P00338542,Pain Reliever 26,10,15224
P00246142,Slippers 97,13,15802
P00317642,Portable Hard Drive 106,1,19559
P00170642,Shorts 95,2,6886
P00115442,Video Doorbell 66,1,8075
P00212742,Rubber Bands 89,14,1753
P00150742,Foundation 94,9,5936
P00109342,Orange 103,5,5418
P00162642,Belt Buckle 107,12,6896
P00017042,USB Flash Drive 71,1,8127
P00100842,Guitar 72,17,5145
P00329442,Cello 43,17,5151
P00303842,Moisturizer 39,9,5463
P00250242,Rubber Bands 107,14,2033
P00012542,Sandals 56,13,6954
P00152442,Cough Syrup 79,10,7876
P00248342,Brake Pads 7,11,2159
P00218642,Pruning Shears 22,16,3622
P00241542,Fishing Rod 104,8,3843
P00346442,Fantasy 5,7,3877
P00295942,Wedges 27,13,6807
P00270142,Electric Kettle 29,3,3649
P0099042,Bookshelf 94,4,8850
P00367142,Gaming Chair 4,18,1498
P00118842,Steering Wheel Cover 65,11,6885
P00034842,Armchair 48,4,1754
P00001142,Action Figure 0,6,3613
P00008842,T-Shirt 36,2,11749
P00222142,Chair 75,4,6893
P00189842,Iron 89,3,5362
P00198742,Speaker 80,1,8109
P00004242,Hole Punch 31,14,11502
P00173942,Blush 88,9,11814
P00124642,Belt Buckle 35,12,16828
P00081142,Fantasy 41,7,8703
P00329542,Car Battery 36,11,7773
P00020142,Toy Car 4,6,21002
P00121342,Aquarium Filter 30,15,11618
P00159542,Smartphone 90,1,9565
P00115142,Tracksuit 30,2,15465
P00227542,Xylophone 89,17,928
P00241642,Bagpipes 83,17,11763
P00226742,Mystery 94,7,1558
P00062842,Potatoes 33,5,3843
P00028842,Capture Card 15,18,12061
P00284642,Hair Pin 13,12,3454
P00250342,Smartwatch 60,1,8272
P00214142,Treadmill 23,8,6035
P00188542,Car Battery 0,11,5247
P00088242,Oven 40,3,12053
P00121042,Coat 99,2,16616
P00116742,Bluetooth Speaker 28,1,2944
P00289642,Microwave 36,3,8057
P00227742,Dog Food 54,15,1943
P00127542,Pendant 78,12,3836
P00323942,Car Vacuum 103,11,5823
P00101142,Moccasins 28,13,7892
P00129642,Jacket 2,2,1917
P00178642,Hand Cream 31,9,3599
P00288442,Brake Pads 43,11,3427
P00274042,Lawn Mower 3,16,11539
P00091842,Pajamas 47,2,7805
P00016042,Tweezers 53,10,11916
P00214242,Necklace 54,12,7589
P00008542,Tablet 92,1,6409
P00352142,Banjo 102,17,7738
P00150942,Sneakers 18,13,12109
P00317442,Flip-Flops 23,13,15289
P00063342,Microwave 72,3,3829
P00114542,Plant Pot 38,16,1827
P00156742,Locket 86,12,1787
P00119242,Dryer 9,3,2318
P00193042,Flute 94,17,7114
P00036542,Jacket 92,2,762
P00181842,Coffee Maker 10,3,6053
P00304742,Pendant 60,12,5955
P00163842,Steering Wheel Cover 83,11,6140
P00028242,Anklet 79,12,4597
P00028542,Capture Card 105,18,16137
P00184442,Steering Wheel 67,18,3820
P00137542,Body Lotion 61,9,11513
P00150342,Children's Book 15,7,2000
P00369742,Face Mask 83,9,8752
P00277942,Smartphone 18,1,15210
P00207042,Watch 22,12,5426
P00294542,Earrings 21,12,4115
P00033642,Toe Ring 33,12,5388
P00086042,Streaming Device 104,18,8009
P00057742,Surfboard 52,8,3361
P00101942,Pet Bed 74,15,6033
P00113342,Desk Lamp 3,14,15403
P00052642,Skateboard 51,8,5432
P00021642,Paper Clips 77,14,6089
P00007342,Car Wax 4,11,5844
P00154742,Boots 55,13,7945
P00016342,Rice Cooker 32,3,11977
P00141842,Xylophone 107,17,5443
P00197442,Toy Robot 67,6,1990
P00048642,Diadem 34,12,5471
P00358742,First Aid Kit 19,10,6894
P00370342,RC Car 10,6,7964
P00031442,Desk Organizer 10,14,6987
P00128242,Dress 21,2,5298
P00211142,Armchair 102,4,5180
P00152742,E-Reader 29,1,5151
P00211042,Guitar 18,17,5205
P00148342,Hair Straightener 51,9,6867
P00134342,Allergy Medicine 83,10,5238
P00159942,Toe Ring 87,12,8744
P00031642,Bread 19,5,8588
P00307342,Cat Scratcher 65,15,5986
P00022542,Bluetooth Speaker 100,1,1916
P00323842,USB Flash Drive 17,1,16208
P00252442,Concealer 17,9,5831
P00304842,Bandages 24,10,7947
P00240142,Doll 19,6,2026
P00140042,Game Disc 20,18,15544
P00289042,Coffee Table 80,4,6086
P00141442,Hat 17,2,6123
P00345742,Self-Help 7,7,8008
P00065342,Biography 20,7,6368
P00298142,Laptop 1,1,6962
P00111542,Espadrilles 85,13,9718
P00347242,Novel 72,7,9703
P00277642,Yoga Mat 3,8,3406
P00024042,Desk Organizer 82,14,8874
P00064942,Oboe 14,17,10062
P00112442,Deck Shoes 32,13,8529
P00312942,Wireless Charger 85,1,9821
P00125742,Cricket Bat 13,8,4107
P00285742,Guitar 36,17,6195
P00004842,Dog Toys 78,15,5711
P00010242,Seat Cover 48,11,5433
P00014742,Building Blocks 97,6,1534
P00079442,Basketball 38,8,3923
P00208942,Self-Help 97,7,4000
P00322342,Clogs 101,13,3611
P00309142,Car Vacuum 13,11,8305
P00305142,Butter 48,5,8197
P00128042,Pencil Sharpener 33,14,15312
P00229742,Shampoo 19,9,11573
P00194642,Moccasins 100,13,8081
P00149542,Hand Cream 103,9,4145
P00138242,Baseball Glove 98,8,3916
P00035242,Tire Pressure Gauge 69,11,4012
P00135842,Body Scrub 86,9,3759
P00035742,Milk 90,5,2952
P00019142,Dress 75,2,1584
P00188442,Gaming Chair 22,18,1761
P00346342,Soccer Ball 36,8,11400
P00111042,Juice 63,5,16661
P00238442,Car Mats 70,11,12235
P00270242,Docking Station 52,18,7767
P00197342,Dishwasher 8,3,7924
P00318142,Pencil Sharpener 105,14,9752
P00049642,Slippers 7,13,9849
P00303642,Gaming Monitor 26,18,5878
P00071442,Tank Top 10,2,16651
P00226442,Face Mask 93,10,1761
P0098542,Gamepad 45,18,6182
P00231142,Face Mask 47,9,5251
P00031542,Choker 48,12,5346
P00053842,Washing Machine 92,3,1460
P00176042,Bar Stool 31,4,5871
P00116142,Shoe Rack 88,4,9732
P00089442,Accordion 10,17,7861
P00128942,Wardrobe 96,4,12077
P00139942,Trumpet 23,17,3508
P00194442,Ear Plugs 52,10,5139
P00178442,Soccer Ball 72,8,5187
P00119742,Underwear 105,2,7019
P00279642,Vitamins 90,10,8466
P00048142,Scissors 26,14,11468
P00042942,Dining Table 55,4,11698
P00241242,Microwave 0,3,15402
P00250542,Desk 23,4,1454
P00100442,Brooch 59,12,3559
P00279142,Digestive Enzyme 13,10,16590
P00256542,Toy Car 40,6,12662
P00272042,Basketball 92,8,9960
P00057642,Golf Clubs 63,8,4095
P00348542,Fantasy 95,7,11598
P00310242,Blood Pressure Monitor 41,10,12739
P00350542,Anklet 61,12,6085
P00318942,Tie Clip 99,12,5909
P00150142,Essay Collection 53,7,9888
P00062742,Pet Stroller 105,15,5983
P00367042,Inhaler 104,10,6137
P00070042,Allergy Medicine 29,10,7861
P00211942,Violin 3,17,9825
P00252842,Self-Help 61,7,9845
P00341342,Washing Machine 56,3,11513
P00117342,Boxing Gloves 65,8,11693
P00044342,Suit 26,2,5962
P00090942,Tank Top 100,2,11823
P00302742,Wardrobe 78,4,5961
P00286842,Sweater 76,2,8766
P00102342,Car Jack 44,11,2105
P00104542,Boxing Gloves 101,8,7798
P00360042,Jump Rope 46,8,3977
P00307642,Router 27,1,1735
P00052842,Ear Plugs 16,10,14093
P00057542,Locket 32,12,10575
P00282842,Tomatoes 68,5,5202
P00281542,Air Freshener 78,11,7187
P00367542,Kite 83,6,5457
P00253042,Board Game 38,6,6147
P00221942,Perfume 38,9,8316
P00288342,Suit 62,2,8138
P00115542,Mouse 60,18,7782
P00321942,Sofa 90,4,5290
P00100142,Choker 84,12,14334
P00313542,Bagpipes 29,17,5230
P00120142,Oven 94,3,3452
P00129742,Lipstick 72,9,3734
P00182742,Xylophone 35,17,7924
P00020342,Pet Water Fountain 53,15,8200
P00158142,Dumbbells 94,8,9776
P00002142,Piano 37,17,15169
P00247742,Notebook 54,14,8000
P00092642,Dog Collar 82,15,5232
P00051142,Desk 59,4,5832
P00005642,Washing Machine 2,3,9912
P00102242,Garlic 53,5,5831
P00283242,Rice 78,5,6909
P00017742,Doll 91,6,4134
P00247642,Keyboard 95,18,20771
P0009942,Face Mask 21,10,7052
P00155742,T-Shirt 72,2,10075
P00023642,Microphone 47,18,7879
P00307542,Camera 5,1,8124
P00125342,Cat Litter 19,15,4508
P00367242,Power Supply 107,18,3163
P0095142,Yogurt 83,5,6727
P00023142,Wireless Charger 13,1,3713
P00127342,Travel Guide 49,7,8011
P00153742,Milk 0,5,5868
P00117742,Garden Gloves 100,16,4070
P00143342,Earrings 39,12,4004
P00277542,Rubber Bands 17,14,3838
P00324942,Cheese 28,5,5242
P00092242,Cardigan 67,2,5311
P00355942,Swimwear 32,2,7880
P00013342,Controller 37,18,12662
P00089542,Nail Polish 24,9,5447
P00107642,Headphones 39,1,5362
P00267142,Tie Clip 27,12,5948
P00021842,Violin 93,17,8859
P00182242,Skateboard 69,8,15545
P00050342,Controller 73,18,3527
P0099742,Pet Shampoo 8,15,5296
P00212342,Refrigerator 55,3,9992
P00153642,Cargo Organizer 53,11,7784
P00244042,Garden Rake 95,16,11568
P00049442,Skirt 96,2,15310
P00068942,Action Figure 72,6,5392
P00029842,Tennis Racket 73,8,10004
P00089242,Stapler 94,14,12890
P00322742,Rice 42,5,6199
P00168742,Flip-Flops 95,13,11817
P00136442,Bubble Wand 107,6,7670
P00256642,Garden Hose 36,16,3687
P00158242,Steering Wheel Cover 47,11,16298
P00357942,Fish Tank 3,15,9862
P00042842,Wireless Charger 31,1,3697
P00330042,Microphone 29,18,6988
P00038342,Pasta 62,5,16477
P00287542,Fish Tank 57,15,8120
P00196142,Keyboard 41,18,10680
P00187442,Moccasins 64,13,6587
P00303142,Bagpipes 101,17,5156
P00277842,Locket 68,12,11692
P0095342,Vitamins 72,10,13096
P00048442,Heels 76,13,5211
P00128342,Electric Grill 33,3,1941
P00021342,Travel Guide 31,7,5238
P00226142,Compost Bin 27,16,2229
P00164342,Shovel 96,16,5388
P00041142,Eggs 56,5,2141
P00222942,Recliner 9,4,11824
P00041042,Yo-Yo 88,6,8290
P00354342,Harmonica 99,17,5268
P00223642,Pasta 44,5,4533
P00179642,Docking Station 70,18,4421
P00093642,Kayak 107,8,12039
P00272242,Tie Clip 9,12,6103
P00075742,Camera 95,1,7928
P00224142,Moccasins 82,13,6087
P00027642,Tire 75,11,4254
P00265542,Suit 98,2,5433
P00041742,Car Wax 58,11,6071
P00053542,Car Battery 72,11,7623
P00227842,Cat Toys 79,15,9915
P00137242,Skirt 42,2,5384
P00207242,Car Jack 80,11,5264
P00328342,Oil Filter 55,11,6966
P00055142,Marbles 15,6,3469
P00297042,VR Headset 68,1,4104
P00289242,Choker 66,12,11674
P00230842,Water Gun 32,6,7786
P00193242,Bicycle 6,8,8230
P00326842,Dog Collar 64,15,1810
P00050742,T-Shirt 54,2,3603
P00266542,Jump Rope 10,8,12928
P00352842,Pruning Shears 58,16,13014
P00242742,Bicycle 42,8,4293
P00015642,Windshield Wiper 2,11,5842
P00114042,Mouse 78,18,5231
P00357242,Tire 39,11,8811
P00118542,Bubble Wand 89,6,7010
P00313442,Garden Kneeler 51,16,5227
P00285842,Controller 91,18,1961
P00161142,Cookbook 19,7,3195
P00200642,Video Doorbell 12,1,13837
P00343042,Electric Grill 15,3,5302
P00326242,Plant Marker 71,16,6447
P00196742,Basketball 74,8,7847
P00129342,Choker 102,12,3866
P00025542,Gaming Monitor 62,18,3937
P00128742,Dog Collar 46,15,11471
P00087442,Router 9,1,7121
P00335242,Textbook 14,7,3572
P00161242,Rice 24,5,7613
P00033342,Harmonica 81,17,3504
P00101242,Apples 93,5,3756
P00205242,Thriller 45,7,8678
P00302042,Charm 82,12,1957
P00362442,Wedges 9,13,3490
P00206642,Sleep Aid 12,10,6889
P00045342,Accordion 82,17,11661
P00214742,Sweater 22,2,5415
P00344842,Golf Shoes 105,13,5443
P00119642,Marbles 105,6,15356
P00362542,Cricket Bat 31,8,8128
P00246942,Desk 95,4,10322
P00191742,Running Shoes 60,13,1400
P00303042,Doll 55,6,3657
P00281942,Slow Cooker 85,3,12953
P00295242,Hair Pin 67,12,7764
P00295842,Boxing Gloves 11,8,1796
P00178042,Blush 34,9,4147
P00114342,Oven 22,3,15160
P00249042,Yogurt 47,5,16626
P00136342,Science Fiction 75,7,741
P00331942,Fishing Rod 50,8,1941
P00218842,Eggs 38,5,5377
P00102942,Pen 1,14,11511
P00058042,Blush 106,9,7852
P00022642,Coffee Table 98,4,5169
P00268442,Pet Nail Clipper 104,15,2192
P00114642,Potatoes 87,5,6957
P00255742,Wireless Charger 103,1,8182
P00106942,Clipboard 12,14,8086
P00111842,Dishwasher 80,3,7934
P00304142,Hand Sanitizer 58,10,5299
P00249842,Hamster Wheel 34,15,2230
P00323442,Dining Table 91,4,3701
P00129442,Printer 56,14,6873
P00021042,Sandals 38,13,6149
P00363742,Electric Kettle 65,3,3472
P00225042,Jumper Cables 32,11,8070
P00002642,Vacuum Cleaner 25,3,7929
P00234542,Watch 4,12,6872
P00173842,Tie Clip 45,12,11756
P00205942,Ballet Flats 102,13,3431
P00327342,Trumpet 59,17,16133
P00089142,Hedge Trimmer 13,16,7131
P00024742,Soil Test Kit 52,16,4175
P00053642,Fantasy 59,7,12591
P00101842,Trombone 33,17,12554
P00011342,Thermometer 74,10,16605
P00002942,Cough Syrup 43,10,12973
P00258442,Game Disc 38,18,5434
P00246342,Garden Kneeler 69,16,6023
P00331342,RC Car 28,6,8073
P00360742,Earrings 93,12,5433
P00120442,Garden Gloves 64,16,7860
P00196042,Brooch 77,12,2118
P00276142,Graphic Novel 11,7,1091
P00176942,Novel 36,7,7119
P00216542,Highlighter 25,14,8067
P00295542,Ottoman 71,4,7973
P00091142,Essay Collection 71,7,7765
P00026542,Air Conditioner 78,3,6041
P00242042,Onions 106,5,7822
P00184342,Gamepad 63,18,8039
P00049542,Treadmill 41,8,2168
P00155642,Microwave 90,3,8030
P00347342,TV Stand 100,4,5953
P00007142,Essay Collection 89,7,7138
P00221442,Perfume 74,9,11531
P00167942,Hiking Boots 53,13,8335
P00201442,Ukulele 106,17,11435
P00014642,Swimwear 104,2,6158
P00285642,Golf Clubs 9,8,9920
P00246042,Whiteboard 47,14,12707
P00204342,Sprinkler 32,16,13156
P00025042,Docking Station 16,18,1779
P00066542,Game Disc 74,18,4031
P00177342,Yogurt 65,5,6026
P00322942,Coat 45,2,9791
P00266042,Stapler 4,14,8006
P00177642,Drone 97,1,2277
P00281642,Cookbook 1,7,11488
P00282442,Hair Dryer 41,9,5328
P00042742,Blender 57,3,3539
P00001242,Juice 9,5,1780
P00339942,TV Stand 28,4,11519
P00029542,Sprinkler 68,16,3956
P00244342,Bandages 42,10,4623
P00280642,Dog Toys 42,15,4608
P00244442,Pruning Shears 40,16,4688
P00105442,Bracelet 92,12,3113
P00194142,Suit 80,2,3210
P00313942,Engine Oil 9,11,5511
P00084342,Running Shoes 43,8,563
P00198642,Romance 8,7,6099
P00115842,Paper Clips 95,14,16397
P00128142,Pasta 26,5,11695
P00021142,Garden Hose 54,16,7059
P00043542,Dishwasher 26,3,5920
P00102842,Piano 1,17,4131
P00041842,Graphic Novel 65,7,15976
P00242642,Bar Stool 103,4,8475
P00231942,Bird Feeder 103,15,5966
P00174142,Hockey Stick 48,8,3107
P00260442,Electric Grill 105,3,15482
P00016842,Smartphone 54,1,11489
P00255942,Car Cover 28,11,7851
P00268342,Cello 25,17,5227
P00223542,Digestive Enzyme 67,10,4036
P00122442,Science Fiction 93,7,4199
P00298942,Ottoman 53,4,7800
P00042542,Kite 65,6,7764
P00078842,Router 81,1,11757
P00084842,Hamster Wheel 106,15,8132
P00216742,Sprinkler 104,16,5480
P00006142,Garden Gloves 82,16,2196
P00233442,Cello 79,17,7641
P00024342,Binder 60,14,5822
P00024242,Windshield Wiper 56,11,7016
P00093342,Rice Cooker 104,3,8270
P00333642,Console 54,18,3164
P00364442,Chair 93,4,4400
P00346042,Mystery 4,7,4445
P00282242,Tweezers 35,10,3604
P00180342,Sleep Aid 102,10,1714
P00113642,Hiking Boots 89,13,7778
P00001042,Gaming Monitor 44,18,7954
P00083942,Bracelet 2,12,1404
P00117842,Pencil Sharpener 15,14,7115
P00148042,Printer 20,14,2326
P00053042,Tweezers 89,10,5145
P00004642,Hair Pin 31,12,8124
P00158042,Spark Plug 59,11,6027
P00259142,Dog Toys 60,15,3542
P00282042,Golf Shoes 87,13,5315
P00047942,Wedges 99,13,1812
P00131542,Notebook 0,14,4074
P00264242,Tennis Racket 91,8,5841
P00343442,Tire 3,11,1042
P00254642,Garden Hose 0,16,6882
P00320842,Wedges 81,13,11571
P00074242,Plant Marker 53,16,3643
P00018142,Bookshelf 40,4,1922
P00229942,Concealer 107,9,5405
P00355642,Nail Polish 78,9,8523
P00142942,Eye Cream 100,9,4004
P00035342,Dehumidifier 52,3,13039
P00017542,Shorts 59,2,7104
P00217942,Garden Kneeler 105,16,5158
P00072542,Plant Marker 107,16,1748
P00178242,Flip-Flops 59,13,5825
P00352642,Nasal Spray 51,10,7830
P00145642,Coffee Maker 46,3,8103
P00100942,Blood Pressure Monitor 5,10,6974
P00105042,Spark Plug 95,11,3549
P00305042,T-Shirt 0,2,3101
P00181542,Treadmill 95,8,4616
P00014942,Thriller 63,7,6109
P00125142,Drone 7,1,7531
P00368242,Brake Pads 25,11,8654
P00243542,Flute 40,17,4542
P00342042,Deck Shoes 104,13,4680
P00179242,Cat Toys 7,15,4626
P00129142,Capture Card 33,18,8023
P00359242,Bread 37,5,19052
P00308342,Desk 41,4,5159
P00216042,Bandages 96,10,1743
P00220342,Electric Kettle 83,3,1960
P00171342,Antacid 64,10,580
P0095842,TV Stand 64,4,8218
P00256042,Tire Pressure Gauge 15,11,11997
P00124242,Game Disc 92,18,1587
P00236542,Bluetooth Speaker 82,1,2256
P00353542,Dishwasher 62,3,1983
P00319242,Console 18,18,2187
P00311942,Garden Hose 18,16,6652
P00197142,Kayak 89,8,7055
P00065242,Toy Car 94,6,3570
P00194342,Chair 3,4,5383
P00180142,Side Table 87,4,1602
P00168342,Cookbook 37,7,1588
P00265342,Trumpet 41,17,21053
P00319042,Ring 55,12,3467
P00093242,Boots 1,13,7802
P00051642,Car Wax 40,11,7812
P00293342,Essay Collection 35,7,5831
P00153842,Soil Test Kit 106,16,6048
P00130842,Saxophone 96,17,5246
P00155842,Chicken 95,5,9800
P00211242,Sweater 40,2,5860
P00221042,Poetry 84,7,4002
P00008142,Heels 94,13,6089
P00079942,Wardrobe 60,4,7889
P00320942,Cello 97,17,4375
P00319442,Action Figure 90,6,5935
P00235142,Golf Shoes 69,13,1981
P00280442,Tweezers 17,10,6123
P00173242,Ear Plugs 106,10,1906
P0095542,Anthology 106,7,10102
P00265142,Doll 1,6,13290
P00074342,Seat Cover 12,11,1762
P00135342,Thermometer 56,10,1871
P00316642,Charm 64,12,2796
P00264642,T-Shirt 90,2,7942
P00157642,Scissors 98,14,11469
P00070342,Microphone 101,18,7860
P00073642,Pet Carrier 45,15,4090
P00268542,Video Game 99,6,5348
P00136742,Bandages 78,10,4527
P00001542,Slow Cooker 67,3,3945
P00154242,Nasal Spray 87,10,3906
P00050142,Trumpet 77,17,3624
P00130642,Blush 52,9,5901
P00024642,Concealer 35,9,3648
P00329942,Pet Water Fountain 35,15,5468
P00192742,Pen 91,14,2949
P00138842,Dress 93,2,1814
P00185842,Garden Rake 23,16,2088
P00115042,Bangle 11,12,8748
P00120642,Sofa 54,4,7032
P00005742,Yo-Yo 52,6,9764
P00048042,Pet Bed 92,15,8242
P00273342,Xylophone 17,17,23139
P00180042,Jeans 73,2,1708
P00365342,Boxing Gloves 47,8,15305
P00146742,Water Gun 50,6,15515
P00335742,Tweezers 107,10,3664
P00114842,Power Supply 35,18,6894
P00366442,Gamepad 99,18,7923
P00348942,Tweezers 71,10,7835
P00270842,Headphones 75,1,5146
P00339342,Pen 73,14,11528
P00358442,Potatoes 69,5,11445
P00031142,Yoga Mat 75,8,16205
P00118042,Yoga Mat 57,8,7949
P00331142,Oven 58,3,3718
P00156542,Anthology 34,7,716
P00033442,Toaster 23,3,788
P00154442,Steering Wheel 31,18,8036
P00274642,Lipstick 36,9,756
P00313242,Boots 19,13,6185
P00279542,Webcam 100,18,6161
P00203742,Coffee Table 62,4,757
P00354442,Travel Guide 13,7,1828
P00178142,Car Cover 46,11,6002
P00092142,Headphones 93,1,8004
P00318342,Slow Cooker 103,3,11391
P00210942,Running Shoes 6,13,3653
P00215442,Diadem 52,12,17358
P00309242,Apples 21,5,5411
P00109942,Oboe 104,17,7852
P00208042,Graphic Novel 47,7,3890
P00029742,Cereal 79,5,3435
P00240442,Hair Dryer 5,9,4091
P00304642,Video Game 81,6,6659
P00067942,Antacid 100,10,5245
P00361942,Car Jack 8,11,4229
P00083242,Car Vacuum 85,11,1473
P00366942,Onions 52,5,6018
P00149142,Plush Toy 60,6,1535
P00214642,Air Freshener 24,11,1525
P00181942,Seat Cover 102,11,1501
P00296042,Cat Toys 43,15,7838
P00189042,Weed Killer 98,16,9813
P00134942,Golf Shoes 15,13,5280
P00359042,Sneakers 0,13,6431
P00088842,Historical Fiction 100,7,5830
P00159442,Soccer Ball 90,8,1800
P00341242,Dog Food 0,15,12274
P00122542,Blood Pressure Monitor 23,10,1626
P00295342,Car Mats 16,11,9523
P00323642,Speaker 44,1,5996
P00101542,Printer 2,14,762
P00307942,Necklace 72,12,16523
P00297542,Keyboard 77,18,7874
P00287642,Bluetooth Speaker 10,1,9719
P00115742,Drone 25,1,16310
P00120542,Board Game 20,6,5880
P00330342,Bubble Wand 35,6,5278
P00296942,Wheelbarrow 65,16,6150
P00332142,Garden Rake 77,16,7827
P00370042,Desk Lamp 93,14,4064
P00130242,Butter 12,5,5889
P00320742,Puzzle 57,6,4265
P00101042,Science Fiction 57,7,5233
P00169742,Coffee Maker 100,3,11749
P00352242,Shovel 42,16,15275
P00181742,Concealer 53,9,1491
P00078242,Smart TV 58,1,3435
P00059842,Slippers 25,13,3463
P00072842,Camera 23,1,1940
P00198242,Side Table 33,4,3758
P00335842,Board Game 56,6,2011
P00174842,Tennis Racket 19,8,10366
P00214842,Saxophone 78,17,14928
P00248742,Garden Rake 59,16,7111
P00052242,Rice 60,5,7932
P00047742,Cargo Organizer 17,11,8521
P00155142,Garden Hose 90,16,4356
P0009842,Drone 61,1,3938
P00052742,Side Table 51,4,8670
P00036242,Hiking Boots 71,13,6943
P00025342,Yoga Mat 39,8,12174
P00271042,Sofa 18,4,8560
P00312842,Jeans 37,2,8691
P00370642,Ballet Flats 12,13,5956
P00309342,Shorts 5,2,4557
P00109842,Armchair 12,4,2316
P00287342,Soccer Ball 0,8,8894
P00192242,Butter 66,5,10998
P00025942,Ankle Boots 106,13,5860
P00084242,Car Wax 94,11,7916
P00107242,Dresser 83,4,4829
P00128542,Sofa 0,4,7939
P00260642,Water Gun 104,6,13445
P00082242,Dehumidifier 16,3,4562
P00249742,Blender 93,3,3994
P00129042,Food Processor 30,3,8048
P00288242,Historical Fiction 28,7,6970
P00184242,Sweater 4,2,9662
P00302642,Trombone 15,17,8857
P00126042,Belt Buckle 89,12,5862
P00349442,Bananas 58,5,12444
P00169642,Cat Scratcher 29,15,5442
P00010542,Hole Punch 85,14,9952
P00222042,Underwear 51,2,3962
P0096342,Toy Car 76,6,7820
P00356742,Gaming Chair 58,18,3669
P00155242,Car Mats 34,11,10776
P00041942,Heels 58,13,5170
P00358342,Foundation 22,9,2995
P00127742,Nightstand 7,4,11505
P00066942,Shorts 23,2,2162
P00085842,Heels 4,13,745
P00284742,Drum Set 20,17,8691
P00254242,Eye Drops 99,10,3621
P00210542,Fishing Rod 14,8,1991
P00086342,First Aid Kit 37,10,9737
P00315642,VR Headset 7,18,4016
P0099442,Shovel 78,16,12635
P00108542,Slow Cooker 13,3,5340
P00337142,Toaster 59,3,347
P00111242,Gaming Chair 40,18,15265
P00263542,Bangle 65,12,12541
P00250942,Digestive Enzyme 103,10,3195
P00265442,Shoe Rack 16,4,3684
P00006842,Windshield Wiper 92,11,3627
P00156842,Pet Carrier 27,15,1421
P00075442,Clogs 83,13,5315
P00217342,Vacuum Cleaner 61,3,11453
P00195042,Pet Stroller 15,15,12186
P00253542,Hand Sanitizer 4,10,10063
P00324642,Sandals 20,13,7830
P00228342,Garlic 89,5,15291
P0098742,Accordion 46,17,7907
P00026642,Building Blocks 61,6,5860
P00296242,Frisbee 48,6,5915
P00144042,Underwear 87,2,6812
P00040942,Banjo 48,17,12609
P00043842,Earrings 75,12,5959
P00032142,Kayak 71,8,3653
P00000542,Plant Pot 56,16,5211
P00035642,Eggs 2,5,5881
P00291242,Gamepad 27,18,8009
P00198842,Cat Toys 97,15,5837
P00256342,Weed Killer 44,16,1796
P00298442,Notebook 18,14,8334
P00191942,Locket 104,12,12809
P00230942,Streaming Device 14,18,6944
P00305342,Brake Pads 61,11,6892
P00157142,Violin 57,17,1644
P00256842,Tomatoes 32,5,7043
P00002042,Spark Plug 41,11,4488
P00294242,Dumbbells 22,8,2125
P00193642,Whiteboard 65,14,10051
P00109542,Whiteboard 11,14,5912
P00169442,Pasta 80,5,4150
P00022142,Ring 91,12,11857
P00231242,Cabinet 68,4,4201
P00299142,Rice Cooker 68,3,8627
P00337542,Pajamas 65,2,3735
P00065042,Pajamas 29,2,5161
P00148442,Milk 54,5,9826
P00349242,Tomatoes 14,5,8108
P00289842,Conditioner 80,9,15344
P00033942,Nasal Spray 15,10,5243
P00190542,Cricket Bat 49,8,10614
P00207942,Laptop 37,1,16478
P00164842,Face Mask 11,9,5300
P00266442,Pet Carrier 63,15,6875
P00346242,Hockey Stick 102,8,8229
P00103242,Kite 29,6,7913
P00061542,Video Game 45,6,3500
P00209142,Envelope 70,14,7102
P00052442,VR Headset 97,18,5149
P00116542,Espadrilles 13,13,5245
P00325742,Ottoman 107,4,6722
P00340042,Eye Drops 9,10,8584
P00221742,Bicycle 24,8,4096
P00241742,Game Disc 56,18,6937
P00018842,Bird Feeder 49,15,3943
P00297742,Refrigerator 91,3,8101
P00168142,Toy Train 98,6,9905
P00106042,Clarinet 98,17,5267
P00163442,Puzzle 75,6,8299
P00237842,Violin 39,17,7028
P00300042,Pet Shampoo 44,15,12162
P00196542,Lipstick 54,9,1943
P00273942,Skirt 24,2,6978
P00272842,Stapler 76,14,8835
P00116042,Eye Drops 27,10,9723
P00012142,Iron 107,3,5440
P00104942,Jump Rope 82,8,6954
P00117242,Heels 40,13,6067
P00085642,Swimwear 86,2,5415
P00123842,Pet Nail Clipper 86,15,4630
P00300242,Coffee Maker 28,3,6170
P00108642,Mystery 76,7,1985
P00101742,Electric Kettle 11,3,695
P00367942,Suit 44,2,8868
P00209642,Pet Shampoo 98,15,17034
P00085342,Webcam 28,18,18531
P00111942,Fish Tank 75,15,7966
P00283142,Watch 40,12,744
P00186642,Hair Dryer 59,9,10067
P00177142,Pet Leash 5,15,9823
P00350142,Binder 24,14,9739
P00123742,Eye Cream 10,9,4684
P00338842,Video Doorbell 102,1,6042
P00368442,Baseball Glove 44,8,6126
P00316842,Jump Rope 64,8,2769
P00320042,Toe Ring 51,12,11761
P0095642,Rice Cooker 86,3,2019
P00206342,Graphic Novel 101,7,5265
P00316442,Banjo 84,17,5246
P00218742,Running Shoes 96,13,3720
P00124942,Foundation 76,9,4671
P00267242,Recliner 63,4,4623
P00193942,Vitamins 36,10,2950
P00180542,First Aid Kit 73,10,1494
P00226842,Bracelet 74,12,2953
P00204742,Biography 56,7,6060
P00285242,Tank Top 46,2,10249
P00232642,Hair Straightener 87,9,6065
P00282342,Shampoo 55,9,16042
P00257842,Oxfords 98,13,6150
P00303942,Clipboard 84,14,8107
P00212442,Desk Lamp 75,14,4603
P00354842,Cereal 97,5,8026
P00223142,Graphic Novel 83,7,5402
P00191342,Blouse 7,2,3675
P00015842,USB Flash Drive 53,1,4523
P00330242,Bananas 76,5,3441
P00310342,Bangle 47,12,16451
P00006942,Dresser 65,4,15488
P00296142,Sneakers 54,13,1877
P00015742,Digestive Enzyme 85,10,12429
P00280842,Desk 77,4,15620
P00253142,Pen 55,14,7684
P00012242,Deck Shoes 50,13,3780
P0096842,Microphone 65,18,8118
P00145142,File Folder 9,14,7093
P00054342,Jeans 1,2,16544
P00223742,TV Stand 10,4,9888
P00150842,Face Mask 75,10,2988
P00232042,Clogs 29,13,1746
P00177542,Laptop 55,1,11636
P00359742,Treadmill 5,8,11968
P00210042,Foundation 40,9,4175
P00297342,Paper Shredder 104,14,3612
P00206042,Cricket Bat 67,8,5145
P00294842,Console 36,18,7900
P00059642,Gamepad 9,18,11902
P00368142,Travel Guide 103,7,9828
P00327642,Pain Reliever 98,10,3136
P00126542,Sweater 58,2,5826
P00088442,Iron 35,3,7911
P00176142,Cufflinks 8,12,8003
P00040142,Hedge Trimmer 85,16,5348
P00321042,Oil Filter 73,11,15406
P00252742,Saxophone 24,17,8129
P00056542,Pendant 6,12,9790
P00022742,Moisturizer 3,9,5993
P00120742,Travel Guide 67,7,5921
P00054242,Loafers 75,13,11638
P00295742,Anklet 43,12,3885
P00336942,Building Blocks 43,6,6927
P00136842,Hole Punch 67,14,11762
P00304042,Board Game 74,6,5290
P00127042,Clogs 65,13,2164
P00166042,Video Doorbell 84,1,5223
P00315842,Console 0,18,5264
P00271542,Frisbee 30,6,2302
P00311342,Laptop 91,1,10393
P00088042,Lipstick 90,9,15486
P00256442,Mouse 6,18,3558
P00215042,Pain Reliever 62,10,5435
P00353142,Car Cover 64,11,6853
P00276242,First Aid Kit 55,10,7973
P00031742,Bagpipes 65,17,7795
P00176642,Dresser 47,4,16232
P00174042,Nasal Spray 33,10,2070
P00029142,Mystery 40,7,5893
P00070942,Pet Leash 23,15,10634
P00211442,Baseball Glove 80,8,5972
P0099242,Ukulele 70,17,2208
P00034342,Accordion 28,17,5196
P00024942,Tablet 56,1,5371
P00246642,Clarinet 26,17,17113
P00074642,Tablet 2,1,5312
P00105342,Loafers 93,13,11786
P00319142,Smart TV 94,1,8831
P00329242,Webcam 10,18,3767
P0094342,Dining Table 73,4,2109
P00280242,Spark Plug 5,11,7110
P00151042,Toy Train 62,6,7000
P00000342,Electric Grill 87,3,5201
P00211542,Watering Can 61,16,6980
P00218942,Speaker 26,1,1779
P00278242,Hair Pin 85,12,11648
P00284842,Nasal Spray 105,10,19467
P00102142,Tie Clip 63,12,578
P00175642,Jeans 55,2,7764
P00222842,Biography 92,7,6090
P00054942,Steering Wheel 103,18,3731
P00002442,Ring 73,12,6031
P00026742,Paper Shredder 14,14,7864
P00018642,Travel Guide 85,7,3981
P00054042,Hand Cream 85,9,3054
P00228642,Toaster 5,3,5183
P0098442,Ottoman 89,4,16984
P00106642,Dog Toys 96,15,20443
P00114442,Car Cover 82,11,8737
P00228042,Swimwear 50,2,5235
P00053742,Sneakers 36,13,5379
P0094742,Deck Shoes 68,13,9649
P00036442,Fishing Rod 86,8,16706
P00064142,Printer 92,14,16721
P00021942,Pen 19,14,6020
P00221242,Ukulele 16,17,8172
P00113842,Jump Rope 28,8,16058
P00133842,Sleep Aid 30,10,6077
P00067142,Hole Punch 49,14,6866
P00191242,Historical Fiction 46,7,2722
P00253242,Anklet 7,12,5279
P00197042,Bicycle 60,8,3449
P00196642,Pet Leash 41,15,7900
P00195542,Camera 77,1,12773
P00236942,Air Freshener 42,11,703
P00190442,Necklace 0,12,806
P00294442,Laptop 73,1,10926
P00179842,VR Headset 50,1,1709
P00237642,Charm 100,12,6865
P00302342,Video Game 9,6,6165
P00221842,Ring 37,12,8019
P00174242,Windshield Wiper 20,11,12796
P00226342,Saxophone 6,17,5968
P00119842,Notebook 72,14,16905
P00230342,Sofa 72,4,3612
P00224342,Bluetooth Speaker 64,1,8038
P00037342,Pen 37,14,6188
P00184642,Golf Shoes 33,13,5908
P00138342,Scarf 106,2,8136
P00188242,Bangle 29,12,3895
P00137142,Bracelet 56,12,589
P00238742,Moisturizer 75,9,583
P00220742,Car Battery 54,11,9755
P00022442,Banjo 66,17,7936
P00183342,Surfboard 88,8,6985
P00189242,Body Lotion 97,9,1952
P00232842,Anthology 88,7,5950
P00026242,Treadmill 77,8,5930
P00075542,Frisbee 12,6,9976
P00224242,Yo-Yo 106,6,4093
P00368642,Compost Bin 81,16,4477
P00186542,Soil Test Kit 16,16,9875
P00317142,Children's Book 105,7,9608
P00309942,Plant Pot 74,16,5182
P00184042,Hat 89,2,19269
P00029442,Anklet 25,12,9728
P00226942,Action Figure 36,6,3101
P00050842,Running Shoes 61,8,20637
P00334042,Cat Litter 55,15,15576
P00081842,Chicken 77,5,6009
P00157342,Textbook 104,7,9713
P00215642,Moisturizer 93,9,4005
P00002242,Coat 9,2,12660
P00041342,Clipboard 30,14,6011
P00039742,Bass Guitar 85,17,6923
P00139542,Blouse 79,2,6912
P00216442,Armchair 66,4,7189
P00266942,Bread 1,5,2213
P00040342,Potatoes 51,5,1609
P00074042,Pet Shampoo 80,15,4151
P00049242,Pet Water Fountain 71,15,2019
P00140442,Inhaler 86,10,7745
P00269242,Pruning Shears 4,16,2981
P00155342,Lawn Mower 57,16,3552
P00252942,Cello 7,17,6368
P00190342,Cufflinks 80,12,3516
P00187942,Allergy Medicine 65,10,2054
P00020242,Lawn Mower 39,16,5894
P00212142,Eye Cream 28,9,5826
P00195742,Dishwasher 98,3,10563
P00261842,Food Processor 102,3,6367
P00221142,Blouse 61,2,7792
P00059142,Blush 70,9,7813
P00280142,Cardigan 31,2,5433
P00023342,Desk Organizer 28,14,5473
P00184742,Ankle Boots 52,13,4542
P00259842,Sofa 36,4,15874
P00157942,File Folder 63,14,8069
P00299442,Pet Carrier 9,15,8264
P00013642,Coffee Table 8,4,7875
P00217442,Plush Toy 6,6,12010
P00000442,RC Car 82,6,5178
P0094442,Steering Wheel 13,18,3079
P00331042,Toe Ring 15,12,6987
P0096142,Wireless Charger 67,1,8068
P00368042,Cheese 82,5,6352
P00113442,Tank Top 82,2,13414
P00069342,Running Shoes 79,8,8734
P00188042,Pajamas 11,2,6907
P00360542,Mouse 24,18,20872
P00200242,Action Camera 33,1,8111
P00334642,Dehumidifier 34,3,15365
P00086142,VR Headset 86,1,8824
P00209942,Fishing Rod 32,8,5394
P00226542,Car Vacuum 31,11,15716
P00316942,Bass Guitar 103,17,2177
P00233042,Hair Dryer 95,9,8205
P00142342,Vitamins 18,10,8704
P00362842,Bread 91,5,3533
P00199342,Brake Pads 97,11,6702
P00044942,Loafers 57,13,4498
P00191042,Marbles 33,6,8006
P00004542,Ear Plugs 70,10,7165
P00126842,Cheese 10,5,8032
P00044542,Shoe Rack 52,4,4091
P00025642,Cat Toys 61,15,2122
P00052542,Blender 3,3,7964
P00212042,Car Battery 18,11,753
P00264042,Building Blocks 7,6,2167
P00185542,Choker 30,12,2749
P00124042,Cufflinks 98,12,6038
P00173042,Romance 98,7,570
P00233742,Fertilizer 37,16,4364
P00178842,Sunscreen 48,9,9925
P00235842,Car Vacuum 67,11,4551
P00233642,Concealer 71,9,11752
P00363342,Baseball Glove 26,8,4398
P00224042,Power Supply 71,18,5959
P00337842,Children's Book 69,7,1733
P00261542,Historical Fiction 82,7,12566
P00235542,Lego Set 41,6,3211
P00207442,Dehumidifier 70,3,8539
P00210342,Novel 0,7,8101
P00044242,Puzzle 93,6,3302
P00302442,Soil Test Kit 88,16,3763
P00005342,Nail Polish 60,9,2136
P00220042,Suit 8,2,5458
P00170242,Headphones 3,1,13315
P00201042,Plush Toy 96,6,3941
P00020442,Dryer 99,3,3994
P00010942,Saxophone 42,17,8023
P00192842,Pencil Sharpener 51,14,7110
P00222442,Wardrobe 42,4,5147
P00189542,E-Reader 11,1,8079
P00228442,Pet Carrier 99,15,11389
P00247142,Basketball 20,8,4226
P00351042,Board Game 92,6,1782
P00100742,Envelope 52,14,8577
P00357042,Hedge Trimmer 103,16,7129
P00113042,Pasta 98,5,6128
P00030442,Jacket 56,2,5213
P00315542,Refrigerator 73,3,1728
P00086742,Novel 54,7,7098
P00022342,Vacuum Cleaner 97,3,9865
P00116942,Scissors 44,14,16549
P00172142,Non-Fiction 60,7,7886
P00110042,Oil Filter 1,11,5169
P00142042,Soccer Ball 18,8,7773
P00158742,Locket 50,12,7133
P00332942,Hand Cream 67,9,7175
P00332042,Juice 27,5,6061
P00018542,Clogs 47,13,20840
P00007942,Scarf 16,2,9882
P00149442,Skateboard 87,8,8187
P00029942,Highlighter 43,14,4083
P00208542,Boots 37,13,7777
P00257042,Smartwatch 6,1,7168
P00176742,Conditioner 8,9,9847
P00344442,Wheelbarrow 83,16,8813
P00083342,Bird Cage 58,15,8715
P00189142,Router 45,1,9975
P00164942,Jacket 38,2,8242
P00343942,Anthology 52,7,16656
P00163242,Armchair 30,4,11678
P00185442,Tire Pressure Gauge 33,11,8407
P00046042,Belt Buckle 53,12,5154
P00070742,Seat Cover 84,11,3434
P00080642,Garlic 17,5,15756
P00328742,Romance 62,7,15543
P00079642,Perfume 56,9,6123
P00065442,Power Supply 89,18,8025
P00058242,Shovel 6,16,10685
P00078642,Doll 37,6,2066
P00215742,Violin 21,17,6902
P00189342,Toy Robot 49,6,5331
P00116242,Refrigerator 1,3,5846
P00101442,Hedge Trimmer 67,16,12829
P00230642,Charm 46,12,8641
P00177242,Toy Train 44,6,1773
P00336042,Nail Polish 96,9,7161
P00233942,Iron 17,3,8120
P00032342,Eye Cream 82,9,4423
P00124342,Tablet 20,1,7566
P00078442,Game Disc 2,18,5927
P00302142,Piano 73,17,5357
P00175242,Body Scrub 50,9,13186
P00177742,Coat 63,2,6102
P00344342,Air Conditioner 96,3,5925
P00298542,Pet Carrier 81,15,8822
P00191642,Hair Straightener 15,9,10938
P00257542,Flute 4,17,6972
P00108842,Puzzle 39,6,5262
P00354142,Apples 75,5,16546
P00360942,Heels 22,13,2314
P00286342,Bananas 40,5,20599
P00299542,Necklace 18,12,7989
P00066242,Garden Fork 84,16,11903
P00271442,Portable Hard Drive 70,1,2393
P00081542,Vacuum Cleaner 79,3,1864
P00086642,Desk Lamp 57,14,9881
P00046842,Pain Reliever 44,10,5875
P00358142,Dog Toys 6,15,2137
P00124742,Headphones 21,1,19234
P00177842,Skirt 6,2,5929
P00354942,Pain Reliever 8,10,6036
P00335942,Aquarium Filter 102,15,6170
P00314942,Necklace 90,12,6184
P00347042,Dresser 101,4,3993
P00328642,Dumbbells 4,8,3915
P00239342,Golf Clubs 27,8,5903
P00195342,Wardrobe 24,4,3710
P00342742,Nail Polish 6,9,5920
P00004342,Kayak 17,8,8088
P00258842,Pet Bed 2,15,6922
P00258942,Golf Shoes 51,13,7097
P00225642,Tomatoes 86,5,5988
P00252142,Historical Fiction 64,7,9821
P00118642,Electric Grill 51,3,15482
P00108442,Face Mask 29,9,8619
P00251842,Hockey Stick 30,8,7937
P00089942,Car Mats 88,11,5930
P00175442,Dehumidifier 106,3,7811
P00256942,Onions 88,5,9967
P00118942,Garden Kneeler 15,16,9789
P00108942,Capture Card 87,18,7762
P00237942,Tank Top 64,2,9864
P00183542,Dog Food 18,15,1497
P00080042,Cookbook 73,7,3709
P00040042,Tomatoes 104,5,3516
P00008742,Microwave 54,3,5184
P00009242,Clipboard 102,14,8045
P00027442,Coat 27,2,8122
P00324842,Soil Test Kit 34,16,8109
P00046442,Steering Wheel 85,18,5862
P00186842,Video Game 63,6,11012
P00193742,Xylophone 53,17,5839
P00321842,Sprinkler 14,16,7872
P00283542,Non-Fiction 24,7,5276
P00265642,Wheelbarrow 11,16,5997
P00179342,Nightstand 97,4,4698
P00265842,RC Car 46,6,6884
P00039542,Hiking Boots 35,13,8134
P00052042,Flute 58,17,12062
P00346842,Shovel 60,16,4561
P00017442,Blender 21,3,4214
P00350642,Bar Stool 13,4,9947
P00348342,Body Lotion 79,9,7998
P00125642,Hair Pin 49,12,6909
P0097742,Drum Set 56,17,9946
P00034142,Face Mask 65,9,4125
P00165642,Watch 76,12,11459
P00075342,Tire Pressure Gauge 51,11,11426
P00358942,Pet Water Fountain 17,15,1731
P00219142,Dresser 29,4,3661
P00219042,Smartwatch 42,1,5208
P00247942,Dumbbells 76,8,3500
P00064242,Clipboard 66,14,8690
P0096742,Kayak 35,8,13134
P00187342,Oboe 68,17,781
P00310842,Espadrilles 103,13,16476
P00362642,Shoe Rack 106,4,7939
P00261242,Scarf 52,2,7848
P0095742,Allergy Medicine 11,10,2156
P00133642,Shoe Rack 70,4,3489
P00267642,Webcam 46,18,2000
P00150042,Boxing Gloves 83,8,6059
P00274542,VR Headset 25,18,16218
P00025142,Joystick 12,18,388
P00200342,Hockey Stick 84,8,20641
P00286742,Espadrilles 31,13,4321
P00150442,Ear Plugs 34,10,3714
P00286642,Novel 90,7,6132
P00324542,Running Shoes 24,13,7066
P00045142,Car Mats 52,11,15372
P00183642,Oxfords 26,13,3462
P00262442,Engine Oil 81,11,772
P00020542,Food Processor 66,3,897
P00035142,Kite 11,6,11742
P00273542,Dress 39,2,9841
P00234642,Weed Killer 8,16,11567
P00006042,Pain Reliever 80,10,7956
P00028342,Oxfords 8,13,16437
P00207342,Lawn Mower 21,16,7165
P00278442,Cereal 61,5,4530
P00034242,Webcam 64,18,5445
P00254942,Clogs 11,13,16315
P00158842,Anthology 16,7,5899
P00036742,Brooch 23,12,15701
P00156042,Surfboard 34,8,8046
P00283342,Cereal 43,5,6869
P00220642,Slow Cooker 49,3,8008
P00254342,Compost Bin 9,16,5416
P00086842,Mystery 22,7,18364
P00038142,Ballet Flats 48,13,15350
P00036142,Hockey Stick 66,8,5228
P00269642,Eye Drops 63,10,2962
P00269742,Nightstand 43,4,1681
P00285342,Slippers 43,13,8816
P00149342,Face Wash 99,9,762
P00202242,Butter 102,5,14030
P00170542,Toaster 77,3,3620
P00017242,Hamster Wheel 52,15,3062
P00088742,Dining Table 1,4,5465
P00364142,VR Headset 104,1,7787
P00294142,Cargo Organizer 35,11,1989
P00053342,Bass Guitar 49,17,3912
P00151242,Juice 45,5,1890
P00259942,Oxfords 44,13,8350
P00356442,Spark Plug 77,11,3137
P00024842,Printer 74,14,5918
P00103342,Paper Shredder 86,14,9847
P00035042,Lawn Mower 75,16,6870
P00184542,Drum Set 74,17,4232
P00290042,Running Shoes 42,13,9844
P00086242,Clarinet 80,17,18741
P00316242,Surfboard 106,8,1843
P00294042,Portable Hard Drive 34,1,6021
P00092942,Car Wax 76,11,6166
P00322142,Coffee Table 44,4,8220
P00017642,Cough Syrup 25,10,11979
P00033542,Spark Plug 23,11,3602
P00273742,Chair 21,4,19632
P00259242,Butter 84,5,5226
P00109742,Hamster Wheel 16,15,7823
P00287242,Capture Card 51,18,6852
P00002342,Deck Shoes 86,13,16257
P00121242,Soil Test Kit 70,16,10121
P00068142,Controller 1,18,1779
P00146042,Cereal 7,5,15483
P00182542,T-Shirt 18,2,5208
P00251442,Pet Leash 77,15,3494
P00169142,Action Camera 105,1,5411
P00233142,Surfboard 16,8,4208
P00190942,Novel 18,7,8332
P00297842,Hat 71,2,11756
P00004442,Power Supply 53,18,15391
P00077842,Juice 81,5,6887
P00263442,Dryer 81,3,12229
P00170942,Pajamas 83,2,7051
P00146842,Tennis Racket 1,8,12060
P00281042,Frisbee 102,6,6974
P00308242,Soccer Ball 54,8,5478
P00196442,Oboe 86,17,5187
P00051842,Cargo Organizer 89,11,2184
P00202142,Rice Cooker 50,3,6170
P00292042,Golf Clubs 99,8,6104
P00190842,Slippers 61,13,6726
P00113742,Inhaler 50,10,7002
P00180242,Earrings 3,12,1560
P00149642,Smartwatch 24,1,5471
P00084142,Tracksuit 66,2,5199
P00240042,Dumbbells 40,8,7068
P00145742,Ankle Boots 16,13,11568
P00084542,E-Reader 47,1,8599
P00346742,Chicken 41,5,3005
P00269442,Wardrobe 6,4,1547
P00151942,Car Cover 10,11,1648
P00342442,Car Cover 100,11,1607
P00240542,Kite 47,6,8685
P00332842,Belt Buckle 17,12,2144
P00183842,Mouse 96,18,2801
